[{"id":"6281248249833@s.whatsapp.net","glimit":1},{"id":"6289636634511@s.whatsapp.net","glimit":0},{"id":"6287828304267@s.whatsapp.net","glimit":1},{"id":"6285156476017@s.whatsapp.net","glimit":0},{"id":"6282393355494@s.whatsapp.net","glimit":0},{"id":"6287818660109@s.whatsapp.net","glimit":0},{"id":"6281334511636@s.whatsapp.net","glimit":1},{"id":"62895616063516@s.whatsapp.net","glimit":6},{"id":"6283119964213@s.whatsapp.net","glimit":10},{"id":"60143960559@s.whatsapp.net","glimit":3},{"id":"62895322330121@s.whatsapp.net","glimit":5},{"id":"6282347660950@s.whatsapp.net","glimit":12},{"id":"6283898033250@s.whatsapp.net","glimit":1},{"id":"6285865139150@s.whatsapp.net","glimit":3},{"id":"6282272279517@s.whatsapp.net","glimit":0},{"id":"62895350700050@s.whatsapp.net","glimit":0}]