[{"id":"6285894214016@s.whatsapp.net","uang":19},{"id":"6283171426085@s.whatsapp.net","uang":759},{"id":"13605024221@s.whatsapp.net","uang":35},{"id":"6288286421519@s.whatsapp.net","uang":583},{"id":"6288292024190@s.whatsapp.net","uang":696},{"id":"6282166794647@s.whatsapp.net","uang":27},{"id":"6289626692456@s.whatsapp.net","uang":188},{"id":"62822969587146@s.whatsapp.net","uang":19},{"id":"6283131479351@s.whatsapp.net","uang":75},{"id":"6285777451314@s.whatsapp.net","uang":93},{"id":"6288239030185@s.whatsapp.net","uang":765},{"id":"6283183586629@s.whatsapp.net","uang":600},{"id":"628889578024@s.whatsapp.net","uang":95},{"id":"6283152753417@s.whatsapp.net","uang":197},{"id":"6289686869540@s.whatsapp.net","uang":64},{"id":"60168233052@s.whatsapp.net","uang":11},{"id":"6289653151096@s.whatsapp.net","uang":505},{"id":"62895616063516@s.whatsapp.net","uang":5195},{"id":"6285883422889@s.whatsapp.net","uang":762},{"id":"6289635851839@s.whatsapp.net","uang":259},{"id":"6281283320841@s.whatsapp.net","uang":33},{"id":"6283877523796@s.whatsapp.net","uang":213},{"id":"6285717201954@s.whatsapp.net","uang":19},{"id":"62895351493999@s.whatsapp.net","uang":14},{"id":"6285832017321@s.whatsapp.net","uang":18},{"id":"6283134919836@s.whatsapp.net","uang":168},{"id":"6281933972808@s.whatsapp.net","uang":14},{"id":"6288267151762@s.whatsapp.net","uang":44},{"id":"6289531221685@s.whatsapp.net","uang":690},{"id":"6282125071478@s.whatsapp.net","uang":31},{"id":"628875010838@s.whatsapp.net","uang":172},{"id":"62882015475507@s.whatsapp.net","uang":63},{"id":"6287832288238@s.whatsapp.net","uang":169},{"id":"6282152723538@s.whatsapp.net","uang":19},{"id":"6282183785004@s.whatsapp.net","uang":167},{"id":"62856924165530@s.whatsapp.net","uang":33},{"id":"6281229859085@s.whatsapp.net","uang":17},{"id":"60139571124@s.whatsapp.net","uang":26},{"id":"60175084410@s.whatsapp.net","uang":29},{"id":"6285802915480@s.whatsapp.net","uang":30},{"id":"62858106219831@s.whatsapp.net","uang":46},{"id":"6288232156681@s.whatsapp.net","uang":317},{"id":"6282181635983@s.whatsapp.net","uang":19},{"id":"60135151103@s.whatsapp.net","uang":119},{"id":"27659849881@s.whatsapp.net","uang":13},{"id":"6285742694213@s.whatsapp.net","uang":30},{"id":"6287762211841@s.whatsapp.net","uang":16},{"id":"62895403595995@s.whatsapp.net","uang":23},{"id":"6281354211117@s.whatsapp.net","uang":145},{"id":"62852985327189@s.whatsapp.net","uang":50},{"id":"6285803357947@s.whatsapp.net","uang":232},{"id":"6283198310459@s.whatsapp.net","uang":164},{"id":"6283128596547@s.whatsapp.net","uang":223},{"id":"6287857180075@s.whatsapp.net","uang":16},{"id":"62895422872318@s.whatsapp.net","uang":15},{"id":"60143581850@s.whatsapp.net","uang":11},{"id":"6289652948525@s.whatsapp.net","uang":12},{"id":"6285700480317@s.whatsapp.net","uang":33},{"id":"62895364353888@s.whatsapp.net","uang":17},{"id":"6283125957279@s.whatsapp.net","uang":15},{"id":"6285253111339@s.whatsapp.net","uang":12},{"id":"6281248249833@s.whatsapp.net","uang":466},{"id":"6285215319934@s.whatsapp.net","uang":11585},{"id":"62895326097674@s.whatsapp.net","uang":4092},{"id":"6283892325360@s.whatsapp.net","uang":10047},{"id":"62895704151428@s.whatsapp.net","uang":835},{"id":"18777382006@s.whatsapp.net","uang":2853},{"id":"6285695451209@s.whatsapp.net","uang":361},{"id":"62852153199344@s.whatsapp.net","uang":166},{"id":"6287828304267@s.whatsapp.net","uang":4534},{"id":"6285221247190@s.whatsapp.net","uang":215},{"id":"62857147461451@s.whatsapp.net","uang":487},{"id":"6285156476017@s.whatsapp.net","uang":3061},{"id":"6283175068434@s.whatsapp.net","uang":2299},{"id":"6282138188516@s.whatsapp.net","uang":667},{"id":"6289636634511@s.whatsapp.net","uang":286},{"id":"62858633808046@s.whatsapp.net","uang":464},{"id":"6281905473135@s.whatsapp.net","uang":2407},{"id":"62896439884282@s.whatsapp.net","uang":25},{"id":"6283103242015@s.whatsapp.net","uang":4114},{"id":"6285389320510@s.whatsapp.net","uang":246},{"id":"6288296193179@s.whatsapp.net","uang":794},{"id":"6285845866501@s.whatsapp.net","uang":220},{"id":"6285221604446@s.whatsapp.net","uang":138},{"id":"6285879728017@s.whatsapp.net","uang":774},{"id":"6283861007177@s.whatsapp.net","uang":1135},{"id":"62857046829180@s.whatsapp.net","uang":670},{"id":"6281334511636@s.whatsapp.net","uang":1013},{"id":"6285640020165@s.whatsapp.net","uang":3320},{"id":"50377257600@s.whatsapp.net","uang":736},{"id":"6289609927918@s.whatsapp.net","uang":170},{"id":"6285158549166@s.whatsapp.net","uang":526},{"id":"6282120897357@s.whatsapp.net","uang":17},{"id":"6289685081471@s.whatsapp.net","uang":58},{"id":"6285804457595@s.whatsapp.net","uang":190},{"id":"6287752078797@s.whatsapp.net","uang":963},{"id":"6285861870154@s.whatsapp.net","uang":1490},{"id":"62822980698995@s.whatsapp.net","uang":1283},{"id":"6287863200063@s.whatsapp.net","uang":457},{"id":"994402482908@s.whatsapp.net","uang":2654},{"id":"6281242009316@s.whatsapp.net","uang":1069},{"id":"6285842734987@s.whatsapp.net","uang":51},{"id":"687879909@s.whatsapp.net","uang":177},{"id":"628871746203@s.whatsapp.net","uang":469},{"id":"6289686772774@s.whatsapp.net","uang":55},{"id":"213666032376@s.whatsapp.net","uang":269},{"id":"79688604372@s.whatsapp.net","uang":1529},{"id":"6287721317870@s.whatsapp.net","uang":87},{"id":"6289635690412@s.whatsapp.net","uang":47},{"id":"6289674022255@s.whatsapp.net","uang":3110},{"id":"19787214822@s.whatsapp.net","uang":125},{"id":"6289690853624@s.whatsapp.net","uang":3942},{"id":"6281292286714@s.whatsapp.net","uang":2265},{"id":"6283815117102@s.whatsapp.net","uang":157},{"id":"62856400201655@s.whatsapp.net","uang":1887},{"id":"33753045534@s.whatsapp.net","uang":186},{"id":"62882006441450@s.whatsapp.net","uang":455},{"id":"6288216547223@s.whatsapp.net","uang":216},{"id":"6281555807465@s.whatsapp.net","uang":399},{"id":"67570841204@s.whatsapp.net","uang":59},{"id":"6285216635710@s.whatsapp.net","uang":568},{"id":"6281286522350@s.whatsapp.net","uang":18},{"id":"6289525609596@s.whatsapp.net","uang":36},{"id":"6281804680327@s.whatsapp.net","uang":45},{"id":"62895619083555@s.whatsapp.net","uang":70},{"id":"628983583288@s.whatsapp.net","uang":19},{"id":"79787516173@s.whatsapp.net","uang":835},{"id":"6283892907523@s.whatsapp.net","uang":49},{"id":"6281338095011@s.whatsapp.net","uang":466},{"id":"6289611552811@s.whatsapp.net","uang":194},{"id":"15102440698@s.whatsapp.net","uang":1451},{"id":"62895339454891@s.whatsapp.net","uang":90},{"id":"628812904283@s.whatsapp.net","uang":281},{"id":"994406630973@s.whatsapp.net","uang":380},{"id":"6285798411437@s.whatsapp.net","uang":94},{"id":"50766866666@s.whatsapp.net","uang":26},{"id":"6285850960628@s.whatsapp.net","uang":11},{"id":"16144268657@s.whatsapp.net","uang":65},{"id":"6281511686178@s.whatsapp.net","uang":59},{"id":"6283156950682@s.whatsapp.net","uang":233},{"id":"380946464764@s.whatsapp.net","uang":19},{"id":"6281994112523@s.whatsapp.net","uang":134},{"id":"380944323549@s.whatsapp.net","uang":150},{"id":"6281383591303@s.whatsapp.net","uang":32},{"id":"62858840253594@s.whatsapp.net","uang":16},{"id":"6282288442172@s.whatsapp.net","uang":184},{"id":"380946369893@s.whatsapp.net","uang":19}]