{
     "ownerNumber": ["62813658142009@s.whatsapp.net","62813658142001@s.whatsapp.net","6283127014833"],
     "sessionName": "nyx",
     "ownerName": "Kahfz Bot",
     "prefix" : "noprefix",
     "ppbot": "https://telegra.ph/file/fb96c83696dfa25aa9e22.jpg",
     "qris": "https://telegra.ph/file/82df43caad31983a33873.jpg",
     "gamewaktu": 60,
     "owner": ["62813658142009","6283127014833"],
     "botName": "Kahfz Bot",
     "lolkey": "IkyChan",
     "vhtearkey": "BELISENDIRI",
     "zekskey": "NinoWangy",
     "xteamkey": "FuzBot1",
     "txtDonasi": "GoPay : 083127014833\nSaweeria : https://saweria.co/\nDana : 083127014833",
     "gcount": 20
}